{
"input_si_sdr": -0.03188216686248779,
"input_sdr": 0.01575732633561322,
"input_sir": 0.01575836109778095,
"input_sar": 69.68140551578323,
"input_stoi": 0.765684408305324,
"si_sdr": 16.928706645965576,
"sdr": 17.34785129159792,
"sir": 26.897479387668696,
"sar": 17.869155104301356,
"stoi": 0.9714358780914538,
"mix_path": "/home/jcosentino/jcosentino/datasets/Libri2Mix/wav8k/max/test/mix_clean/4077-13754-0001_5142-33396-0065.wav"
}